,ID,A,T,G,C,A%,T%,G%,C%
0,Ornithorhynchus_anatinus,5349,5351,2319,4000,45.8,45.9,15.8,30.7
1,Tachyglossus_aculeatus,5026,4780,2270,4284,44.3,41.3,16.1,35.5
2,Didelphis_virginiana,6034,5381,2056,3613,54.6,46.0,13.7,26.8
3,Thylacinus_cynocephalus,5994,5227,2206,3984,52.5,42.9,14.5,29.7
4,Dasyurus_hallucatus,5526,5406,2285,3941,47.5,46.0,15.4,29.8
5,Phascogale_tapoatafa,5425,5123,2475,4379,45.3,41.7,16.6,33.6
6,Sminthopsis_crassicaudata,5423,5217,2497,4226,45.4,43.0,16.8,32.2
7,Sarcophilus_harrisii,5533,5188,2254,4142,47.8,43.5,15.2,31.9
8,Potorous_tridactylus,5685,4623,2139,4475,50.6,37.6,14.5,36.0
9,Macropus_robustus,5606,4670,2179,4441,49.7,38.2,14.8,35.7
10,Pseudocheirus_peregrinus,5370,4352,2084,4216,50.4,37.3,15.0,35.7
11,Trichosurus_vulpecula,5974,4799,2071,4347,53.3,38.7,13.7,33.8
12,Tamandua_mexicana,5692,4313,2187,4193,53.2,35.7,15.4,34.4
13,Choloepus_hoffmanni,5413,3976,2162,4915,49.0,31.8,15.1,42.6
14,Dasypus_novemcinctus,5874,4554,2176,4452,52.5,36.4,14.6,35.3
15,Erinaceus_europaeus,5937,5822,2185,3503,51.6,50.1,14.3,25.1
16,Echinops_telfairi,5215,5211,2193,3930,46.0,46.0,15.3,31.1
17,Talpa_europaea,5757,4556,2415,4156,51.7,37.0,16.7,32.7
18,Suncus_murinus,5683,5640,2266,3651,49.2,48.6,15.1,26.9
19,Pteropus_alecto,5540,4223,2429,4547,49.5,33.7,17.0,37.3
20,Rousettus_aegyptiacus,5390,4315,2373,4628,47.6,34.8,16.6,38.3
21,Artibeus_jamaicensis,5404,4942,2187,4118,48.0,42.2,15.1,32.9
22,Brachyphylla_cavernarum,5377,4520,2319,4569,47.1,36.9,16.0,37.4
23,Desmodus_rotundus,4938,3789,2595,5337,42.1,29.4,18.5,47.1
24,Lemur_catta,5641,4906,2149,4340,49.5,40.4,14.4,34.2
25,Varecia_variegata,5672,4870,2086,4399,50.0,40.1,14.0,34.8
26,Cheirogaleus_medius,5547,4862,2125,4270,49.3,40.7,14.5,34.1
27,Otolemur_crassicaudatus,5305,4263,2299,4960,46.0,33.9,15.8,41.8
28,Galago_senegalensis,5416,4488,2174,4717,47.6,36.5,14.9,39.1
29,Loris_tardigradus,5723,4475,2110,4468,51.8,36.4,14.4,36.3
30,Nycticebus_coucang,5394,4539,2310,4521,47.4,37.1,16.0,36.9
31,Perodicticus_potto,5515,4182,2173,4768,49.6,33.6,15.0,40.2
32,Callithrix_jacchus,5403,4446,2210,4440,48.7,36.9,15.5,36.8
33,Saguinus_oedipus,5345,4492,2255,4459,47.7,37.3,15.8,36.9
34,Callithrix_pygmaea,5463,4502,2178,4377,49.4,37.5,15.2,36.0
35,Callimico_goeldii,5498,4739,2124,4162,49.9,40.2,14.8,33.7
36,Alouatta_caraya,5389,4584,2119,4425,48.4,38.4,14.7,36.6
37,Alouatta_seniculus,5419,4607,2123,4408,48.7,38.6,14.7,36.3
38,Ateles_belzebuth,5509,4578,2091,4382,49.9,38.2,14.5,36.0
39,Cebus_albifrons,5440,4644,2112,4358,48.9,39.0,14.6,35.7
40,Lagothrix_lagotricha,5471,4561,2153,4410,49.2,37.9,14.9,36.2
41,Saimiri_sciureus,5316,4455,2177,4526,47.6,37.1,15.2,37.9
42,Cercocebus_torquatus,5379,4312,2022,4829,48.2,35.3,13.9,41.2
43,Cercocebus_atys,5375,4261,2022,4885,48.1,34.7,13.9,41.9
44,Chlorocebus_aethiops,5243,4137,2049,4953,47.1,33.8,14.3,43.3
45,Erythrocebus_patas,5325,4469,2108,4774,46.9,36.6,14.5,40.1
46,Macaca_arctoides,5288,4122,2113,5035,46.9,33.1,14.6,43.7
47,Macaca_fascicularis,5272,4157,2115,5031,46.6,33.5,14.6,43.6
48,Macaca_fuscata,5250,4119,2136,5060,46.4,33.1,14.8,44.0
49,Macaca_mulatta,5254,4150,2123,5037,46.5,33.4,14.7,43.7
50,Macaca_nemestrina,5340,4129,2038,5053,47.6,33.2,14.0,43.9
51,Macaca_sylvanus,5306,4137,2116,5027,47.0,33.2,14.6,43.5
52,Macaca_assamensis,5210,4170,2173,4989,46.0,33.7,15.1,43.2
53,Papio_anubis,5195,4108,2171,5042,45.9,33.1,15.1,43.9
54,Papio_cynocephalus,5196,4108,2167,5044,45.9,33.1,15.1,44.0
55,Papio_hamadryas,5195,4110,2169,5047,45.9,33.1,15.1,44.0
56,Mandrillus_sphinx,5376,4205,2032,4930,48.1,34.1,14.0,42.5
57,Theropithecus_gelada,5250,4149,2108,5039,46.5,33.5,14.6,43.8
58,Mandrillus_leucophaeus,5377,4176,2037,4957,48.1,33.8,14.0,42.8
59,Hylobates_agilis,5015,3947,2283,5255,43.7,31.4,16.1,46.7
60,Hylobates_lar,5039,3946,2256,5231,44.1,31.5,15.9,46.5
61,Nomascus_siki,5083,3951,2242,5200,44.6,31.5,15.8,46.1
62,Hylobates_pileatus,5075,3970,2224,5233,44.4,31.7,15.6,46.4
63,Symphalangus_syndactylus,5192,4137,2123,5063,45.9,33.4,14.8,44.2
64,Gorilla_gorilla,5059,4123,2160,5022,44.8,33.7,15.2,44.3
65,Gorilla_gorilla_gorilla,5079,4145,2149,5039,44.8,33.8,15.1,44.3
66,Pan_paniscus,5189,4186,2104,5084,45.6,33.8,14.6,44.3
67,Pan_troglodytes,5154,4168,2133,5099,45.2,33.7,14.8,44.5
68,Pongo_pygmaeus,5007,3897,2168,5317,44.0,31.2,15.2,48.0
69,Pongo_abelii,5031,3889,2176,5403,43.9,30.8,15.2,48.7
70,Homo_sapiens,5124,4094,2169,5181,44.8,32.8,15.1,45.5
71,Canis_lupus,5287,4801,2365,4272,46.2,40.3,16.5,34.3
72,Canis_latrans,5283,4805,2364,4261,46.2,40.4,16.5,34.2
73,Canis_lupus_familiaris,5290,4804,2366,4267,46.3,40.3,16.5,34.2
74,Lycaon_pictus,5163,4623,2227,4160,46.9,40.0,16.0,34.6
75,Vulpes_vulpes,5257,4676,2502,4378,45.5,38.5,17.5,35.2
76,Vulpes_corsac,5247,4674,2473,4327,45.7,38.8,17.4,34.9
77,Helarctos_malayanus,5232,4678,2578,4295,45.3,38.6,18.1,34.4
78,Melursus_ursinus,5184,4619,2650,4364,44.6,37.9,18.7,35.0
79,Tremarctos_ornatus,5246,4583,2585,4348,45.6,37.6,18.2,35.0
80,Ursus_thibetanus,5234,4683,2593,4284,45.3,38.7,18.3,34.2
81,Ursus_americanus,5244,4760,2614,4223,45.2,39.4,18.4,33.5
82,Ursus_arctos,5258,4731,2676,4355,44.7,38.5,18.7,34.4
83,Ailuropoda_melanoleuca,5338,4949,2518,4000,46.6,41.7,17.6,31.2
84,Ailurus_fulgens,5426,4863,2203,4001,49.0,41.8,15.4,32.0
85,Nasua_nasua,5416,4242,2402,4328,49.4,34.9,17.2,35.9
86,Procyon_lotor,5501,4545,2342,4234,49.5,37.6,16.4,34.2
87,Lutra_lutra,5328,4261,2395,4551,47.5,34.7,16.9,38.0
88,Martes_foina,5307,4299,2389,4535,47.3,35.1,16.9,37.8
89,Martes_americana,5251,4275,2438,4550,46.6,34.9,17.3,38.0
90,Meles_meles,5479,4566,2188,4209,50.0,38.4,15.4,34.4
91,Paguma_larvata,5583,4903,2190,4034,50.2,41.5,15.1,31.8
92,Crocuta_crocuta,5566,4265,2488,4819,48.1,33.1,17.0,39.1
93,Felis_silvestris,5429,4525,2324,4360,48.4,37.4,16.2,35.5
94,Felis_catus,5543,4606,2406,4454,48.3,37.1,16.5,35.5
95,Panthera_leo,5310,4520,2395,4395,46.9,37.4,16.8,36.0
96,Panthera_onca,5447,4627,2466,4509,46.9,37.2,16.9,36.0
97,Panthera_pardus,5397,4592,2467,4508,46.7,37.1,17.0,36.2
98,Puma_concolor,5643,4685,2369,4456,49.0,37.6,16.0,35.1
99,Zalophus_californianus,5601,4340,2294,4442,50.6,35.2,15.9,36.3
100,Halichoerus_grypus,5537,4250,2398,4612,49.2,33.9,16.7,37.8
101,Leptonychotes_weddellii,5692,4250,2172,4489,52.2,34.4,15.1,37.1
102,Mirounga_leonina,5786,4525,2243,4416,51.7,36.4,15.2,35.2
103,Pusa_hispida,5548,4287,2368,4551,49.5,34.4,16.5,37.3
104,Pusa_sibirica,5495,4254,2434,4590,48.7,34.0,17.0,37.7
105,Phoca_vitulina,5550,4257,2403,4616,49.2,33.9,16.7,37.8
106,Inia_geoffrensis,5449,4300,2150,4689,48.9,35.0,14.9,39.4
107,Globicephala_melas,5437,4581,2069,4303,49.6,38.8,14.4,35.6
108,Orcinus_orca,5384,4496,2106,4399,48.9,37.8,14.7,36.7
109,Stenella_attenuata,5418,4624,2086,4258,49.4,39.3,14.6,35.1
110,Stenella_coeruleoalba,5418,4605,2090,4271,49.4,39.1,14.6,35.3
111,Tursiops_truncatus,5400,4610,2101,4277,49.1,39.1,14.7,35.3
112,Phocoena_phocoena,5241,4495,2226,4420,47.0,37.8,15.7,37.0
113,Physeter_catodon,5251,4103,2204,4870,47.0,33.3,15.5,42.1
114,Ziphius_cavirostris,5369,4502,2128,4350,48.9,38.0,15.0,36.3
115,Eschrichtius_robustus,5374,4259,2153,4626,48.7,35.0,15.1,39.2
116,Balaenoptera_borealis,5392,4385,2139,4494,48.9,36.5,15.0,37.7
117,Balaenoptera_edeni,5401,4363,2120,4525,49.1,36.2,14.8,38.1
118,Balaenoptera_physalus,5359,4383,2182,4474,48.5,36.5,15.3,37.5
119,Balaenoptera_musculus,5374,4361,2140,4527,48.7,36.2,15.0,38.1
120,Megaptera_novaeangliae,5382,4331,2144,4541,48.9,35.9,15.0,38.3
121,Elephas_maximus,5573,4785,2262,4282,49.2,39.5,15.5,33.9
122,Loxodonta_africana,5529,4801,2282,4254,48.8,39.8,15.6,33.7
123,Equus_zebra,5286,4253,2185,4666,47.6,35.0,15.4,39.8
124,Equus_grevyi,5326,4243,2146,4687,48.1,34.9,15.1,40.0
125,Equus_asinus,5394,4259,2198,4819,47.8,34.3,15.2,40.7
126,Equus_hemionus,5390,4264,2189,4791,47.9,34.5,15.2,40.5
127,Equus_caballus,5358,4312,2236,4754,47.4,34.9,15.5,39.9
128,Tapirus_indicus,5789,4554,2056,4318,53.0,37.4,14.0,34.8
129,Diceros_bicornis,5480,4257,2088,4586,50.1,35.0,14.6,38.8
130,Rhinoceros_unicornis,5663,4405,2131,4630,50.7,35.5,14.5,38.0
131,Procavia_capensis,5765,4105,2216,4657,52.5,32.5,15.3,38.5
132,Sus_scrofa,5766,4292,2202,4353,53.2,34.8,15.3,35.5
133,Sus_scrofa_domesticus,5808,4310,2243,4409,53.0,34.6,15.4,35.7
134,Pecari_tajacu,5764,4261,2267,4547,52.0,33.9,15.6,37.0
135,Hippopotamus_amphibius,5372,4052,2289,4694,48.7,32.8,16.2,40.1
136,Camelus_bactrianus,5152,4523,2574,4410,44.8,37.3,18.3,36.0
137,Camelus_dromedarius,5132,4510,2578,4423,44.6,37.2,18.3,36.2
138,Lama_guanicoe,5287,4562,2430,4370,46.5,37.7,17.1,35.6
139,Vicugna_vicugna,5076,4489,2370,4149,46.1,38.7,17.3,34.8
140,Lama_glama,5270,4546,2420,4361,46.5,37.7,17.1,35.6
141,Alces_alces,5530,4942,2132,3813,50.8,43.1,14.9,30.3
142,Capreolus_capreolus,5470,4908,2177,3800,50.3,42.9,15.4,30.3
143,Cervus_elaphus,5452,4723,2197,3985,50.0,40.6,15.5,32.2
144,Rangifer_tarandus,5520,4916,2147,3779,50.9,42.9,15.1,30.0
145,Odocoileus_hemionus,5535,4872,2190,3885,50.6,42.0,15.3,30.8
146,Hydropotes_inermis,5461,4990,2179,3725,50.1,43.9,15.4,29.5
147,Muntiacus_reevesi,5420,4744,2200,3990,49.6,40.9,15.5,32.3
148,Muntiacus_muntjak,5424,4740,2186,4004,49.6,40.8,15.4,32.4
149,Antilocapra_americana,5524,4276,2178,4374,51.0,35.4,15.4,36.5
150,Giraffa_camelopardalis,5483,4438,2235,4276,50.1,37.0,15.7,35.2
151,Aepyceros_melampus,5591,4566,2105,4160,51.6,38.5,14.7,33.9
152,Ammotragus_lervia,5556,4371,2166,4436,50.6,36.0,15.1,36.7
153,Bison_bonasus,5493,4442,2161,4230,50.7,37.4,15.3,35.0
154,Bos_gaurus,5483,4434,2179,4249,50.5,37.2,15.4,35.1
155,Bos_javanicus,5458,4442,2199,4240,50.2,37.3,15.6,35.0
156,Bos_primigenius,5461,4439,2195,4242,50.2,37.3,15.5,35.1
157,Bos_taurus,5457,4441,2202,4238,50.2,37.3,15.6,35.0
158,Bos_indicus,5467,4433,2192,4249,50.3,37.2,15.5,35.1
159,Boselaphus_tragocamelus,5529,4397,2143,4253,51.2,36.9,15.1,35.2
160,Capra_aegagrus,5582,4538,2172,4333,50.5,37.5,15.0,35.3
161,Capra_hircus,5585,4546,2179,4333,50.5,37.6,15.1,35.2
162,Connochaetes_taurinus,5449,4244,2251,4466,49.7,34.9,15.9,37.4
163,Damaliscus_lunatus,5364,4266,2357,4432,48.5,35.1,16.8,37.0
164,Damaliscus_pygargus,5317,4230,2365,4472,48.0,34.8,16.9,37.5
165,Tragelaphus_oryx,5522,4408,2206,4260,50.8,36.8,15.5,35.1
166,Tragelaphus_strepsiceros,5505,4402,2234,4240,50.6,36.7,15.8,34.9
167,Tragelaphus_imberbis,5465,4433,2302,4205,50.0,37.0,16.3,34.5
168,Oryx_gazella,5568,4484,2257,4352,50.2,36.8,15.7,35.4
169,Kobus_ellipsiprymnus,5520,4574,2140,4184,50.7,38.6,15.0,34.2
170,Capricornis_crispus,5552,4367,2140,4394,50.9,36.1,15.0,36.4
171,Syncerus_caffer,5479,4369,2204,4307,50.4,36.4,15.6,35.7
172,Manis_javanica,5485,3823,2436,4830,49.5,30.0,17.2,41.1
173,Ochotona_princeps,5133,4270,2271,4807,45.2,35.0,16.0,41.2
174,Lepus_capensis,5608,5234,2338,4542,46.3,41.9,15.2,34.5
175,Lepus_europaeus,5583,5283,2358,4510,45.9,42.4,15.3,34.1
176,Oryctolagus_cuniculus,5429,4882,2350,4584,45.9,39.5,15.8,36.2
177,Cricetulus_griseus,5490,4968,2116,3710,50.9,43.9,14.9,29.5
178,Cricetulus_longicaudatus,5358,5000,2204,3740,49.0,44.2,15.6,29.8
179,Mesocricetus_auratus,5307,5054,2126,3777,48.4,45.1,15.0,30.2
180,Meriones_unguiculatus,5331,4978,2165,3877,48.4,43.8,15.3,31.1
181,Acomys_cahirinus,5416,4216,2074,4511,50.1,35.1,14.7,38.5
182,Mus_caroli,5546,4969,2051,3747,51.5,43.8,14.4,29.8
183,Mus_spretus,5550,4656,2067,4013,51.7,40.0,14.5,32.7
184,Mus_cervicolor,5658,4838,1971,3837,53.1,42.2,13.8,30.8
185,Mus_cookii,5684,4845,1968,3810,53.5,42.3,13.7,30.5
186,Rattus_leucopus,5590,4381,2007,4319,52.2,36.8,14.0,36.1
187,Rattus_rattus,5546,4547,2050,4162,51.5,38.7,14.4,34.3
188,Rattus_fuscipes,5538,4415,2027,4321,51.5,37.1,14.2,36.1
189,Rattus_sordidus,5564,4465,2017,4263,51.8,37.7,14.1,35.4
190,Rattus_tunneyi,5528,4465,2031,4268,51.4,37.8,14.2,35.5
191,Rattus_villosissimus,5549,4442,2030,4282,51.6,37.5,14.2,35.6
192,Cavia_porcellus,5391,4805,2450,4155,47.2,40.1,17.1,32.9
193,Octodon_degus,5719,4786,2118,4165,51.7,39.9,14.4,33.0
194,Thryonomys_swinderianus,5758,4846,1993,4029,53.0,41.1,13.6,32.0
195,Heterocephalus_glaber,5522,4106,2180,4578,50.8,33.4,15.3,38.8
196,Lynx_lynx,5509,4488,2434,4615,47.8,35.7,16.7,37.1
197,Micromys_minutus,5450,4726,2022,4034,50.5,41.1,14.2,33.1
198,Hapalemur_griseus,5522,4967,2181,4208,48.6,41.7,14.8,33.2
199,Monodelphis_domestica,5814,5288,2201,3776,51.6,44.8,14.8,28.4
200,Nanger_granti,5493,4536,2205,4146,50.5,38.3,15.6,33.9
201,Bubalus_depressicornis,5409,4322,2281,4343,49.4,35.9,16.2,36.2
202,Balaena_mysticetus,5354,4265,2162,4609,48.5,35.2,15.2,39.1
203,Caperea_marginata,5395,4513,2125,4350,49.1,38.0,14.9,36.2
204,Lagenorhynchus_albirostris,5414,4634,2092,4253,49.3,39.4,14.6,35.0
205,Kogia_breviceps,5162,4151,2315,4778,45.9,33.9,16.4,41.1
206,Mesoplodon_europaeus,5418,4631,2078,4216,49.6,39.5,14.6,34.8
207,Artibeus_lituratus,5429,4957,2187,4135,48.1,42.2,15.1,32.9
208,Anoura_caudifer,5325,4694,2245,4282,47.5,39.6,15.7,34.9
209,Sturnira_tildae,5325,4113,2207,4992,47.1,32.8,15.3,42.9
210,Choloepus_didactylus,5415,3969,2209,4947,48.7,31.6,15.4,42.7
211,Saimiri_boliviensis,5312,4458,2177,4524,47.6,37.1,15.2,37.9
212,Eulemur_fulvus_mayottensis,5565,4865,2236,4452,48.2,39.7,15.0,35.1
213,Panthera_uncia,5357,4544,2428,4444,46.9,37.2,16.9,36.0
214,Martes_martes,5260,4254,2425,4546,46.9,34.8,17.2,38.1
215,Ursus_maritimus,5253,4726,2692,4346,44.7,38.5,18.8,34.3
216,Chaetophractus_villosus,5645,4471,2220,4460,50.6,36.3,15.2,36.2
217,Macroscelides_proboscideus,5570,4619,2151,4301,50.3,38.4,14.8,34.9
218,Arctocephalus_forsteri,5121,3994,2175,4123,49.8,35.0,16.4,36.5
219,Hydrurga_leptonyx,5693,4245,2167,4497,52.2,34.4,15.0,37.1
220,Dugong_dugon,5098,4447,2489,4816,43.4,35.9,17.3,40.0
221,Vombatus_ursinus,5700,4564,2154,4578,50.5,36.7,14.5,36.9
222,Ovis_ammon,5593,4562,2173,4285,50.8,37.9,15.0,34.8
223,Axis_axis,5471,4790,2164,3924,50.3,41.4,15.3,31.6
224,Dama_dama,5457,4793,2174,3906,50.2,41.5,15.4,31.4
225,Vicugna_pacos,5298,4552,2427,4375,46.7,37.6,17.1,35.6
226,Mephitis_mephitis,5629,4798,2191,3920,51.6,40.9,15.3,31.1
227,Spilogale_putorius,5675,4865,2180,3877,52.0,41.5,15.1,30.5
228,Taxidea_taxus,5589,4286,2164,4386,51.6,35.3,15.2,36.4
229,Leontopithecus_rosalia,5499,5046,2220,4107,48.4,42.7,15.2,32.2
230,Aotus_azarai,5413,4762,2111,4269,48.6,40.4,14.6,34.7
231,Cacajao_calvus,5455,4779,2163,4305,48.5,40.1,14.9,34.7
232,Propithecus_tattersalli,5627,4624,2220,4628,49.0,37.1,14.9,37.1
233,Eulemur_macaco_macaco,5607,4876,2217,4449,48.6,39.7,14.8,35.0
234,Microcebus_murinus,5729,5159,2233,3973,50.4,43.2,15.0,30.3
235,Galago_moholi,5367,4464,2154,4665,47.6,36.6,14.9,38.9
236,Dactylomys_dactylinus,5717,4986,2048,3899,52.3,42.7,14.0,30.6
237,Nannospalax_ehrenbergi,5663,4382,2123,4240,52.7,36.4,14.9,34.8
238,Daubentonia_madagascariensis,5411,4281,2151,4775,48.3,34.7,14.9,40.3
239,Acinonyx_jubatus,5642,4693,2315,4397,49.5,38.0,15.7,34.8
240,Leopardus_pardalis,5493,4477,2288,4454,49.0,36.6,15.9,36.3
241,Zaglossus_bruijni,5031,4803,2277,4256,44.4,41.5,16.2,35.1
242,Colobus_guereza,5336,4528,2151,4633,47.2,37.4,14.8,38.6
243,Balaenoptera_bonaerensis,5416,4322,2126,4557,49.2,35.7,14.9,38.4
244,Rhyncholestes_raphanurus,5592,5040,2155,3940,50.2,43.1,14.8,30.8
245,Dromiciops_gliroides,4936,4573,1992,3849,47.4,42.4,14.9,33.5
246,Propithecus_verreauxi,5618,4641,2237,4610,48.9,37.2,15.0,36.9
247,Indri_indri,5442,4735,2335,4586,46.7,38.3,15.8,36.7
248,Eulemur_mongoz,5445,4730,2185,4318,48.5,39.6,15.1,34.9
249,Eulemur_rubriventer,5733,4938,2299,4561,48.6,39.2,15.1,35.2
250,Proechimys_longicaudatus,5838,4963,2110,3905,53.2,41.9,14.3,30.2
251,Chinchilla_lanigera,5530,4272,2174,4604,50.0,34.7,15.1,38.4
252,Rattus_exulans,5583,4550,2040,4134,52.1,38.7,14.3,34.0
253,Capricornis_sumatraensis,5515,4395,2164,4367,50.5,36.5,15.2,36.2
254,Capricornis_swinhoei,5519,4396,2205,4404,50.1,36.2,15.4,36.3
255,Rupicapra_rupicapra,5438,4289,2239,4445,49.6,35.4,15.8,37.1
256,Naemorhedus_goral,5556,4504,2190,4305,50.5,37.4,15.2,35.1
257,Oreamnos_americanus,5619,4598,2149,4238,51.2,38.3,14.9,34.3
258,Saiga_tatarica,5539,4635,2131,4070,51.1,39.5,15.0,33.1
259,Nyctereutes_procyonoides,5363,4508,2377,4465,47.3,36.9,16.6,36.5
260,Callorhinus_ursinus,5575,4374,2318,4401,50.3,35.6,16.2,35.9
261,Eumetopias_jubatus,5587,4264,2277,4510,50.6,34.5,15.9,37.2
262,Phocarctos_hookeri,5508,4316,2411,4487,49.1,34.8,16.8,36.7
263,Neophocaena_phocaenoides,5227,4472,2258,4428,46.8,37.5,16.0,37.0
264,Petaurus_breviceps,5471,4736,1999,3897,51.5,41.7,14.2,31.9
265,Rattus_tanezumi,5558,4559,2052,4137,51.7,38.8,14.4,34.0
266,Cercopithecus_diana,5262,4173,2101,4969,46.8,33.8,14.6,43.1
267,Cercopithecus_mitis,5249,4252,2094,4916,46.6,34.7,14.5,42.4
268,Papio_ursinus,5174,4117,2168,5037,45.7,33.3,15.1,44.0
269,Mustela_nivalis,5385,4516,2318,4293,48.4,37.6,16.3,35.1
270,Mustela_sibirica,5445,4520,2294,4300,49.0,37.5,16.1,35.1
271,Martes_melampus,5230,4254,2408,4506,46.8,35.0,17.2,37.9
272,Martes_zibellina,5280,4261,2425,4557,47.0,34.7,17.2,38.1
273,Mustela_erminea,5507,4386,2214,4364,50.2,36.3,15.5,36.0
274,Crocidura_russula,5541,5236,2303,4120,47.5,43.8,15.5,31.5
275,Prionailurus_bengalensis,5511,4603,2256,4331,49.2,38.0,15.6,35.0
276,Naemorhedus_caudatus,5556,4504,2168,4288,50.7,37.5,15.1,35.1
277,Ovis_canadensis,5556,4520,2129,4258,50.9,37.8,14.9,34.9
278,Ovibos_moschatus,5483,4400,2178,4359,50.1,36.6,15.3,36.1
279,Hemitragus_jemlahicus,5631,4447,2177,4457,50.8,36.3,15.0,36.4
280,Budorcas_taxicolor,5643,4496,2143,4385,51.2,36.9,14.8,35.7
281,Hippotragus_equinus,5515,4361,2186,4374,50.5,36.1,15.3,36.3
282,Hippotragus_niger,5500,4392,2237,4377,50.0,36.3,15.7,36.1
283,Arctocephalus_pusillus,5565,4291,2318,4478,50.2,34.7,16.2,36.8
284,Aotus_nancymaae,5366,4735,2122,4245,48.3,40.4,14.8,34.7
285,Tupaia_belangeri,5479,4448,2407,4420,48.6,36.1,16.8,35.8
286,Mammuthus_primigenius,5514,4783,2248,4225,49.0,39.9,15.5,33.7
287,Cervus_nippon_taiouanus,5364,4821,2345,3906,48.4,41.5,16.6,31.2
288,Caenolestes_fuliginosus,5659,4922,2070,3978,51.6,42.0,14.2,31.4
289,Isoodon_macrourus,5790,5276,2074,3712,52.3,45.6,14.0,28.2
290,Notoryctes_typhlops,5121,4525,2125,4152,47.4,39.7,15.4,35.3
291,Perameles_gunnii,5266,4657,1891,3546,52.2,43.5,14.0,30.0
292,Gazella_dorcas,5558,4530,2173,4169,51.1,38.1,15.2,34.0
293,Globicephala_macrorhynchus,5430,4588,2070,4302,49.5,38.9,14.5,35.6
294,Distoechurus_pennatus,5477,4929,1954,4410,48.5,41.6,13.2,35.7
295,Dactylopsila_trivirgata,5488,4406,2030,4134,51.9,37.8,14.5,34.7
296,Phascolarctos_cinereus,5854,4501,1858,4144,55.7,38.0,12.8,33.9
297,Tarsipes_rostratus,5102,4674,1992,3976,47.9,42.2,14.5,33.8
298,Onychomys_leucogaster,5683,4576,2109,4002,53.2,38.8,14.8,32.4
299,Apodemus_agrarius,5520,4864,2036,3843,51.4,42.7,14.3,30.9
300,Mammut_americanum,5352,4698,2271,4148,48.1,39.9,16.0,33.7
301,Phoca_fasciata,5585,4349,2295,4465,50.3,35.2,15.9,36.5
302,Phoca_groenlandica,5525,4354,2292,4380,50.1,35.7,16.1,36.0
303,Phoca_largha,5503,4221,2393,4584,49.1,33.8,16.7,37.8
304,Ursus_spelaeus,5272,4703,2549,4256,45.8,38.9,17.9,34.0
305,Cystophora_cristata,5618,4301,2400,4633,49.6,34.0,16.5,37.6
306,Erignathus_barbatus,5622,4316,2271,4496,50.7,34.8,15.7,36.8
307,Oryx_leucoryx,5592,4532,2225,4331,50.4,37.3,15.4,35.1
308,Saimiri_boliviensis_boliviensis,5317,4456,2174,4526,47.7,37.1,15.2,37.9
309,Monodon_monoceros,5414,4386,2092,4491,49.4,36.6,14.6,37.8
310,Carollia_perspicillata,5259,4526,2291,4635,45.9,37.1,15.9,38.4
311,Eulemur_fulvus_fulvus,5564,4872,2243,4447,48.1,39.8,15.1,35.1
312,Macaca_tonkeana,5266,4101,2142,5051,46.6,32.9,14.9,43.9
313,Glis_glis,5386,5207,2096,3913,48.0,45.7,14.4,30.8
314,Phacochoerus_africanus,5786,4371,2222,4340,52.9,35.4,15.3,35.1
315,Sus_barbatus,5735,4287,2162,4296,53.4,35.2,15.1,35.3
316,Sorex_araneus,5549,4873,2241,4224,48.9,40.6,15.3,33.4
317,Dendrohyrax_dorsalis,5715,4041,2227,4607,52.6,32.2,15.5,38.4
318,Metachirus_nudicaudatus,5415,5006,1919,3542,51.7,46.0,13.7,28.7
319,Aotus_lemurinus,5409,4713,2126,4332,48.4,39.7,14.7,35.4
320,Ictidomys_tridecemlineatus,5280,5201,2099,3878,47.2,46.2,14.6,30.8
321,Ctenomys_sociabilis,5981,5219,2062,3753,54.2,44.2,13.8,28.3
322,Rucervus_duvaucelii,5453,4723,2178,3988,50.1,40.6,15.4,32.3
323,Elaphurus_davidianus,5452,4693,2188,4022,50.0,40.2,15.4,32.6
324,Mazama_americana,5535,4896,2190,3857,50.6,42.3,15.3,30.6
325,Nasalis_larvatus,5387,4700,2083,4400,48.2,39.6,14.4,36.2
326,Cynomys_ludovicianus,5257,5055,2147,4007,46.9,44.3,15.0,32.2
327,Leopardus_tigrinus,5523,4496,2282,4466,49.1,36.6,15.8,36.3
328,Leopardus_geoffroyi,5507,4505,2282,4444,49.0,36.8,15.8,36.1
329,Lepus_americanus,5303,4987,2323,4390,45.3,41.5,15.8,34.8
330,Capra_falconeri,5558,4550,2196,4328,50.2,37.7,15.2,35.2
331,Gulo_gulo,5325,4419,2363,4434,47.5,36.5,16.7,36.6
332,Capreolus_pygargus,5478,4907,2182,3790,50.4,42.9,15.4,30.2
333,Mesoplodon_densirostris,5464,4849,2048,3985,50.2,42.2,14.3,32.2
334,Pontoporia_blainvillei,5481,4404,2222,4486,49.3,36.1,15.5,37.1
335,Berardius_bairdii,5370,4381,2123,4472,48.9,36.6,14.9,37.7
336,Hyperoodon_ampullatus,5426,4444,2075,4401,49.7,37.3,14.5,36.8
337,Orcaella_brevirostris,5423,4611,2086,4262,49.5,39.2,14.6,35.2
338,Platanista_minor,5377,4382,2040,4525,49.1,36.7,14.3,38.4
339,Tamandua_tetradactyla,5664,4324,2203,4204,52.8,35.8,15.5,34.5
340,Cabassous_unicinctus,5340,3986,2304,4767,48.3,32.1,16.3,41.0
341,Hylomys_suillus,4958,5133,1901,3361,47.7,50.2,14.1,28.0
342,Cephalophus_silvicultor,5484,4430,2197,4314,50.1,36.9,15.4,35.6
343,Myotis_myotis,5881,5250,2231,3851,51.9,43.9,14.9,28.8
344,Nyctalus_noctula,5587,5130,2536,4225,47.0,41.5,17.0,31.9
345,Jaculus_jaculus,5045,4711,2273,4517,43.9,39.8,15.9,37.6
346,Callithrix_geoffroyi,5397,4427,2224,4454,48.6,36.7,15.6,37.0
347,Mazama_gouazoupira,5540,4985,2121,3709,51.2,43.8,14.9,29.3
348,Rhizomys_pruinosus,5338,5129,1992,4116,47.5,44.8,13.7,33.0
349,Pygathrix_nemaeus,5033,4450,1981,4003,48.2,40.4,14.7,34.9
350,Allenopithecus_nigroviridis,5342,4424,2019,4732,47.8,36.6,13.9,40.2
351,Trachypithecus_vetulus,5250,4773,2196,4335,46.4,40.5,15.3,35.5
352,Trachypithecus_francoisi,5313,4795,2116,4330,47.3,40.8,14.7,35.4
353,Trachypithecus_obscurus,5296,4853,2127,4284,47.0,41.5,14.7,34.9
354,Macaca_nigra,5261,4185,2120,4998,46.5,33.8,14.7,43.2
355,Macaca_silenus,5295,4156,2093,4997,47.1,33.6,14.5,43.3
356,Macaca_thibetana,5243,4152,2145,5000,46.4,33.5,14.9,43.3
357,Urocyon_cinereoargenteus,5070,4551,2509,4339,44.5,38.2,18.0,35.8
358,Mustela_frenata,5509,4541,2226,4267,49.9,37.8,15.5,34.8
359,Sciurus_vulgaris,5301,5094,2071,4041,47.3,44.6,14.3,32.4
360,Pteromys_volans,5318,5015,2076,4104,47.5,43.6,14.4,33.1
361,Myrmecobius_fasciatus,5536,4739,2357,4181,49.1,39.2,16.3,33.1
362,Hexaprotodon_liberiensis,5396,4101,2263,4635,49.1,33.4,16.0,39.4
363,Callithrix_penicillata,5316,4385,2186,4359,48.6,37.0,15.5,36.7
364,Mus_musculus_molossinus,5636,4649,2014,4001,52.9,39.9,14.1,32.5
365,Axis_porcinus,5479,4765,2162,3969,50.3,41.0,15.2,32.0
366,Cynopterus_brachyotis,5413,4293,2365,4630,48.0,34.6,16.5,38.4
367,Eptesicus_serotinus,5477,4975,2308,3913,48.9,42.5,16.1,30.7
368,Myotis_lucifugus,5687,5070,2301,3980,50.1,42.4,15.6,30.5
369,Pteronotus_parnellii,5485,4289,2276,4514,49.5,34.9,15.9,37.5
370,Addax_nasomaculatus,5624,4528,2232,4367,50.5,37.0,15.4,35.3
371,Alcelaphus_buselaphus,5359,4224,2333,4457,48.7,34.8,16.6,37.4
372,Antidorcas_marsupialis,5558,4738,2152,3996,51.1,40.5,15.1,32.1
373,Antilope_cervicapra,5540,4438,2198,4255,50.9,37.0,15.4,34.9
374,Beatragus_hunteri,5386,4271,2296,4406,49.1,35.3,16.3,36.9
375,Connochaetes_gnou,5436,4239,2267,4470,49.5,34.8,16.0,37.4
376,Gazella_subgutturosa,5574,4489,2162,4208,51.3,37.6,15.1,34.4
377,Kobus_leche,5496,4628,2170,4132,50.3,39.2,15.2,33.6
378,Oryx_dammah,5618,4497,2255,4386,50.4,36.7,15.6,35.5
379,Ourebia_ourebi,5472,4361,2245,4314,50.1,36.2,15.9,35.7
380,Pantholops_hodgsonii,5542,4434,2164,4358,50.6,36.8,15.1,35.9
381,Pseudois_nayaur,5595,4419,2221,4502,50.2,35.9,15.3,36.8
382,Raphicerus_campestris,5474,4643,2199,4076,50.1,39.5,15.5,33.1
383,Pelea_capreolus,5565,4525,2181,4317,50.5,37.5,15.1,35.2
384,Redunca_arundinum,5536,4477,2162,4264,50.8,37.4,15.1,35.0
385,Redunca_fulvorufula,5441,4416,2246,4324,49.5,36.8,15.8,35.7
386,Ovis_vignei,5626,4594,2191,4285,50.8,38.0,15.1,34.5
387,Chlorocebus_pygerythrus,5225,4154,2047,4917,47.0,34.1,14.3,43.0
388,Chlorocebus_sabaeus,5311,4197,2038,4989,47.3,34.0,14.1,43.2
389,Chlorocebus_tantalus,5258,4124,2028,4958,47.3,33.7,14.1,43.5
390,Crocidura_beatus,5052,4916,2009,3479,48.6,46.6,14.9,29.0
391,Crocidura_mindorus,5068,4859,1999,3532,48.8,45.8,14.9,29.6
392,Felis_chaus,5437,4630,2334,4252,48.5,38.5,16.3,34.3
393,Felis_margarita,5513,4596,2351,4404,48.6,37.5,16.2,35.3
394,Felis_nigripes,5451,4548,2347,4377,48.4,37.4,16.3,35.5
395,Leopardus_wiedii,5485,4504,2297,4418,48.9,36.9,15.9,36.0
396,Lynx_canadensis,5388,4412,2375,4491,47.8,36.0,16.6,36.9
397,Lynx_rufus,5525,4536,2433,4562,47.9,36.2,16.6,36.5
398,Leopardus_guigna,5507,4514,2294,4457,48.9,36.8,15.8,36.2
399,Prionailurus_rubiginosus,5541,4590,2300,4401,49.1,37.5,15.8,35.4
400,Prionailurus_viverrinus,5471,4556,2320,4376,48.6,37.4,16.1,35.4
401,Caracal_caracal,5551,4671,2319,4318,49.1,38.3,15.9,34.4
402,Prionailurus_planiceps,5468,4522,2306,4413,48.6,37.1,16.0,35.9
403,Leptailurus_serval,5508,4661,2269,4270,49.2,38.7,15.7,34.3
404,Leopardus_colocolo,5504,4510,2256,4380,49.4,37.1,15.7,35.7
405,Otocolobus_manul,5505,4625,2235,4261,49.5,38.5,15.5,34.5
406,Pardofelis_marmorata,5474,4536,2372,4445,48.2,36.9,16.4,35.9
407,Profelis_aurata,5538,4689,2317,4282,49.1,38.6,16.0,34.1
408,Neofelis_nebulosa,5343,4569,2491,4441,46.5,37.2,17.4,35.8
409,Catopuma_badia,5517,4577,2274,4325,49.4,37.8,15.8,35.0
410,Catopuma_temminckii,5565,4670,2376,4374,48.7,37.9,16.3,34.7
411,Rhinopithecus_bieti,5372,4824,2101,4254,48.1,41.1,14.5,34.6
412,Rhinopithecus_roxellana,5360,4814,2127,4248,47.9,41.0,14.7,34.5
413,Nomascus_gabriellae,5076,3969,2248,5182,44.5,31.7,15.8,45.9
414,Nomascus_leucogenys,5096,3951,2232,5199,44.8,31.5,15.7,46.1
415,Plecotus_auritus,5536,4857,2422,4085,48.7,40.3,16.7,31.9
416,Ctenomys_leucodon,5634,4942,1955,3685,53.2,43.8,13.7,29.4
417,Spalacopus_cyanus,5810,4801,2075,4144,52.7,39.9,14.1,32.7
418,Tympanoctomys_barrerae,5668,4958,2153,4081,50.6,41.7,14.6,31.9
419,Sorex_unguiculatus,5570,4914,2314,4307,48.3,40.3,15.6,33.7
420,Neomys_fodiens,5691,5328,2232,4009,49.2,44.7,14.9,30.3
421,Sorex_tundrensis,5747,5061,2312,4324,49.1,40.9,15.3,33.0
422,Episoriculus_caudatus,5673,4997,2223,4236,49.5,41.2,14.9,32.9
423,Mogera_wogura,5882,4774,2192,3966,53.8,39.7,15.0,30.9
424,Lepus_timidus,5635,5246,2297,4533,46.7,42.1,14.9,34.4
425,Homo_sapiens_neanderthalensis,5107,4104,2180,5174,44.6,32.9,15.2,45.4
426,Lepus_townsendii,5638,5250,2279,4517,46.8,42.2,14.8,34.3
427,Ozotoceros_bezoarticus,5553,4992,2106,3706,51.4,43.9,14.8,29.3
428,Callosciurus_erythraeus,5190,4858,2158,4344,45.7,41.5,15.0,35.6
429,Tamias_sibiricus,5595,5155,2017,3791,51.0,45.2,13.9,29.7
430,Lagorchestes_hirsutus,5594,4734,2145,4416,49.5,38.9,14.5,35.4
431,Lagostrophus_fasciatus,5479,4571,2247,4569,48.1,37.2,15.4,37.2
432,Rhinopithecus_avunculus,5367,4813,2116,4252,48.0,41.0,14.7,34.6
433,Trachypithecus_johnii,5289,4824,2145,4286,47.0,41.2,14.9,35.0
434,Madoqua_kirkii,5431,4518,2286,4233,49.2,37.8,16.1,34.6
435,Tragelaphus_angasii,5476,4448,2290,4184,50.1,37.2,16.2,34.3
436,Tragelaphus_scriptus,5549,4388,2190,4275,51.1,36.5,15.4,35.3
437,Neotragus_moschatus,5490,4424,2200,4285,50.3,36.9,15.5,35.4
438,Oreotragus_oreotragus,5566,4586,2202,4172,50.8,38.4,15.4,33.8
439,Nanger_dama,5484,4516,2218,4159,50.3,38.1,15.7,34.0
440,Moschus_berezovskii,5570,4601,2100,4083,51.7,39.1,14.7,33.3
441,Moschus_chrysogaster,5555,4592,2113,4093,51.4,39.0,14.8,33.4
442,Moschus_moschiferus,5560,4621,2099,4071,51.5,39.4,14.7,33.2
443,Chrysocyon_brachyurus,5389,4939,2313,4119,47.4,41.8,16.0,32.6
444,Cuon_alpinus,5265,4912,2379,4116,46.2,41.8,16.6,32.8
445,Vulpes_zerda,5237,4580,2460,4406,45.8,37.8,17.3,35.9
446,Tragelaphus_eurycerus,5542,4387,2170,4249,51.3,36.7,15.3,35.1
447,Tragelaphus_spekii,5548,4450,2192,4218,51.1,37.2,15.4,34.6
448,Cephalophus_natalensis,5440,4355,2230,4404,49.5,36.1,15.7,36.6
449,Gazella_bennettii,5585,4517,2161,4169,51.5,37.9,15.1,34.0
450,Gazella_cuvieri,5572,4487,2176,4192,51.3,37.6,15.3,34.3
451,Gazella_gazella,5551,4564,2206,4126,50.9,38.4,15.5,33.5
452,Gazella_leptoceros,5572,4485,2181,4201,51.3,37.5,15.3,34.3
453,Eudorcas_rufifrons,5556,4554,2181,4126,51.2,38.4,15.3,33.6
454,Nanger_soemmerringii,5483,4514,2218,4164,50.3,38.0,15.7,34.1
455,Gazella_spekei,5563,4505,2185,4187,51.1,37.7,15.3,34.2
456,Litocranius_walleri,5611,4613,2122,4092,51.8,39.0,14.8,33.1
457,Cephalophus_leucogaster,5449,4394,2222,4361,49.6,36.5,15.6,36.1
458,Myrmecophaga_tridactyla,5628,4420,2190,4260,51.8,36.6,15.3,34.8
459,Nandinia_binotata,5739,4465,2217,4666,50.6,35.4,14.9,37.6
460,Muntiacus_crinifrons,5425,4700,2212,4020,49.6,40.3,15.6,32.6
461,Bos_mutus,5506,4450,2151,4215,50.9,37.5,15.2,34.8
462,Capra_caucasica,5569,4525,2180,4349,50.4,37.4,15.1,35.4
463,Capra_ibex,5603,4498,2187,4428,50.4,36.8,15.1,36.0
464,Capra_nubiana,5601,4511,2193,4390,50.5,37.0,15.1,35.7
465,Capra_sibirica,5551,4445,2174,4387,50.4,36.7,15.1,36.0
466,Rupicapra_pyrenaica,5431,4320,2255,4432,49.3,35.6,15.9,36.9
467,Equus_hemionus_kulan,5333,4249,2141,4658,48.3,35.0,15.0,39.7
468,Equus_zebra_hartmannae,5295,4237,2179,4698,47.6,34.8,15.3,40.1
469,Manis_tetradactyla,5519,4930,2276,3846,49.9,42.4,15.9,30.2
470,Tetracerus_quadricornis,5588,4568,2094,4092,52.0,38.8,14.7,33.4
471,Dipus_sagitta,5154,4585,2275,4650,44.8,38.0,15.8,38.7
472,Mesoplodon_grayi,5442,4826,2062,4017,49.9,41.9,14.4,32.6
473,Martes_flavigula,5375,4387,2336,4451,48.1,36.1,16.4,36.8
474,Lophocebus_aterrimus,5260,4177,2145,4981,46.5,33.7,14.9,43.0
475,Cercocebus_chrysogaster,5390,4215,2021,4925,48.3,34.2,13.9,42.4
476,Martes_pennanti,5192,4308,2386,4402,46.8,36.0,17.2,37.0
477,Mustela_eversmannii,5395,4491,2285,4292,48.7,37.5,16.1,35.3
478,Mustela_nigripes,5443,4503,2280,4330,49.0,37.4,16.0,35.4
479,Macaca_cyclopis,5284,4135,2098,5046,46.8,33.3,14.5,43.8
480,Presbytis_melalophos,5414,4842,2073,4214,48.6,41.4,14.3,34.2
481,Lepilemur_ruficaudatus,5435,4609,2316,4576,47.3,37.4,15.8,37.0
482,Microtus_ochrogaster,5371,4339,2190,4392,49.2,36.3,15.5,36.9
483,Tursiops_aduncus,5392,4630,2116,4247,49.0,39.4,14.8,35.0
484,Capra_pyrenaica,5543,4454,2172,4392,50.3,36.8,15.1,36.1
485,Dasypus_kappleri,5714,4045,2147,4730,52.3,32.1,14.8,39.7
486,Leggadina_lakedownensis,5649,4653,1979,3981,53.2,40.1,13.9,32.4
487,Pseudorca_crassidens,5456,4560,2051,4325,49.9,38.5,14.3,35.8
488,Myodes_regulus,5404,4376,2162,4437,49.2,36.5,15.2,37.2
489,Eothenomys_melanogaster,5361,4353,2201,4416,48.9,36.3,15.6,37.1
490,Propithecus_diadema,5631,4560,2219,4674,49.2,36.4,14.9,37.7
491,Panthera_leo_persica,5370,4569,2436,4443,46.9,37.3,16.9,35.9
492,Grampus_griseus,5407,4570,2104,4305,49.2,38.7,14.7,35.6
493,Rattus_tiomanicus,5583,4532,2028,4166,52.1,38.5,14.2,34.3
494,Leopoldamys_edwardsi,5384,4498,2096,4306,49.4,38.2,14.8,35.9
495,Mus_famulus,5609,4780,1989,3913,52.5,41.5,13.9,31.6
496,Niviventer_fulvescens,5593,4741,2022,3940,52.3,41.0,14.2,31.9
497,Cyclopes_didactylus,5560,4751,2051,3973,51.6,41.0,14.4,32.1
498,Cervus_canadensis_songaricus,5469,4721,2215,4014,49.9,40.4,15.6,32.4
499,Okapia_johnstoni,5441,4176,2255,4550,49.5,34.1,15.9,38.3
500,Varecia_variegata_variegata,5644,4865,2076,4380,49.9,40.2,13.9,34.8
501,Semnopithecus_entellus,5246,4833,2181,4272,46.5,41.3,15.2,34.8
502,Petaurista_alborufus,5249,4719,2181,4358,46.6,40.0,15.2,35.9
503,Bubalus_bubalis,5397,4305,2286,4371,49.2,35.7,16.2,36.5
504,Dicerorhinus_sumatrensis,5453,4173,2183,4657,49.5,33.9,15.3,39.4
505,Macaca_leonina,5481,4277,2117,5175,47.4,33.5,14.2,43.6
506,Sminthopsis_douglasi,5122,4823,2330,4263,44.9,41.2,16.4,34.7
507,Mustela_altaica,5414,4552,2290,4265,48.7,38.0,16.1,34.8
508,Macrotis_lagotis,5348,4646,1914,3381,53.8,43.7,14.3,28.4
509,Cervus_nippon_hortulorum,5473,4724,2211,4026,49.9,40.3,15.5,32.4
510,Marmota_himalayana,5284,5153,2100,3906,47.4,45.6,14.6,31.2
511,Pteropus_scapulatus,5594,4234,2402,4510,50.2,33.9,16.8,36.9
512,Viverricula_indica,5503,4798,2156,4126,49.7,40.7,14.9,33.1
513,Equus_kiang,5330,4221,2142,4687,48.2,34.7,15.0,40.1
514,Mystacina_tuberculata,5323,4763,2462,4230,46.5,39.6,17.2,33.7
515,Hyaena_hyaena,5544,4361,2491,4716,47.9,34.2,17.0,38.0
516,Cephalophus_dorsalis,5480,4381,2202,4362,50.1,36.4,15.5,36.2
517,Pseudoryx_nghetinhensis,5573,4514,2109,4162,51.7,38.1,14.8,34.1
518,Loxodonta_cyclotis,5295,4657,2139,4018,49.0,40.7,15.3,33.2
519,Cynomys_leucurus,5279,5083,2107,3985,47.2,44.7,14.7,32.0
520,Spermophilus_dauricus,5297,5125,2069,4021,47.2,45.0,14.3,32.2
521,Lepus_granatensis,5353,4937,2258,4367,46.3,41.2,15.4,34.8
522,Microtus_kikuchii,5336,4240,2216,4520,48.6,35.1,15.7,38.3
523,Papio_papio,5180,4110,2171,5044,45.7,33.2,15.1,44.0
524,Hylopetes_phayrei,5344,5008,2093,4085,47.8,43.5,14.5,32.8
525,Eozapus_setchuanus,5241,4941,2186,4205,46.2,42.5,15.2,34.0
526,Lobodon_carcinophaga,5714,4360,2209,4476,51.7,35.2,15.2,36.4
527,Rhinoceros_sondaicus,5514,4313,2092,4498,50.6,35.6,14.6,37.7
528,Cephalorhynchus_heavisidii,5418,4511,2086,4356,49.5,38.0,14.6,36.3
529,Delphinus_capensis,5420,4635,2085,4245,49.4,39.4,14.6,35.0
530,Feresa_attenuata,5434,4555,2067,4331,49.6,38.5,14.4,35.9
531,Peponocephala_electra,5432,4542,2067,4347,49.6,38.3,14.4,36.1
532,Sousa_chinensis,5428,4590,2088,4282,49.5,38.9,14.6,35.4
533,Vespertilio_sinensis,5539,5029,2378,4025,48.5,42.1,16.3,31.1
534,Pipistrellus_abramus,5710,5112,2242,3912,50.7,43.1,15.2,29.9
535,Apodemus_peninsulae,5608,5000,1987,3674,52.6,44.4,13.9,29.2
536,Urotrichus_talpoides,5792,4782,2264,4066,52.1,39.4,15.5,31.7
537,Akodon_montensis,5193,4627,2124,4434,46.4,39.4,14.9,37.1
538,Muntiacus_vuquangensis,5430,4768,2187,3976,49.7,41.1,15.4,32.1
539,Elaphodus_cephalophus,5418,4809,2216,3904,49.6,41.7,15.7,31.4
540,Myotis_brandtii,5782,5001,2384,4301,49.5,40.1,15.8,32.7
541,Mogera_robusta,5916,4894,2164,3842,54.3,41.1,14.8,29.6
542,Lepus_sinensis,5495,5081,2330,4532,46.0,41.1,15.4,35.1
543,Pseudois_schaeferi,5577,4386,2203,4497,50.3,35.7,15.2,37.0
544,Lipotes_vexillifer,5554,4409,2022,4407,51.2,36.8,14.1,36.8
545,Sylvicapra_grimmia,5492,4383,2187,4375,50.2,36.4,15.3,36.3
546,Aotus_azarai_azarai,5417,4774,2115,4279,48.5,40.4,14.6,34.8
547,Avahi_laniger,5284,4415,2391,4697,45.9,35.7,16.6,38.9
548,Trachypithecus_cristatus,5335,4763,2106,4353,47.5,40.4,14.6,35.7
549,Pteropus_dasymallus,5530,4220,2414,4541,49.5,33.8,16.9,37.3
550,Anourosorex_squamipes,5821,5359,2169,3772,51.5,45.6,14.5,28.3
551,Cephalophus_adersi,5514,4392,2169,4360,50.5,36.5,15.2,36.1
552,Cephalophus_callipygus,5478,4361,2212,4376,50.0,36.1,15.6,36.3
553,Cephalophus_jentinki,5491,4431,2185,4284,50.4,37.0,15.4,35.4
554,Cephalophus_nigrifrons,5417,4324,2245,4420,49.3,35.8,15.9,36.9
555,Cephalophus_ogilbyi,5446,4325,2232,4371,49.8,35.9,15.8,36.4
556,Cephalophus_rufilatus,5420,4326,2245,4438,49.2,35.7,15.8,37.0
557,Cephalophus_spadix,5470,4442,2212,4306,49.9,37.1,15.6,35.5
558,Apodemus_chevrieri,5509,4844,2055,3890,51.1,42.3,14.4,31.4
559,Apodemus_draco,5688,4705,2006,3883,53.7,40.6,14.1,31.3
560,Ochotona_curzoniae,5314,4432,2305,5080,45.0,34.9,15.5,42.2
561,Pteropus_vampyrus,5473,4207,2390,4484,49.4,34.1,16.9,37.1
562,Nannospalax_judaei,5664,4382,2120,4240,52.7,36.4,14.8,34.9
563,Ochotona_collaris,5251,4344,2345,5028,44.8,34.4,16.0,42.1
564,Rhinophylla_pumilio,5320,4892,2308,4151,46.9,41.5,16.1,33.2
565,Arctonyx_collaris,5539,4613,2162,4167,50.6,38.9,15.1,33.8
566,Dama_mesopotamica,5483,4812,2155,3904,50.4,41.7,15.2,31.4
567,Manis_pentadactyla,5490,3826,2432,4830,49.5,30.0,17.2,41.1
568,Euphractus_sexcinctus,5559,4314,2179,4482,50.7,35.3,15.2,37.2
569,Condylura_cristata,5950,4778,2133,3848,55.3,40.0,14.6,29.9
570,Chalinolobus_tuberculatus,5577,4906,2279,4056,49.6,41.2,15.7,31.8
571,Myospalax_psilurus,5511,4710,1992,4147,50.8,40.4,13.9,34.0
572,Rhizomys_sinensis,5293,5165,1990,4116,47.0,45.3,13.7,33.1
573,Eospalax_rothschildi,5445,5131,2034,3767,49.8,45.6,14.2,29.9
574,Micronycteris_megalotis,5370,4121,2240,4858,47.9,33.1,15.6,41.4
575,Vampyrum_spectrum,5029,3997,2442,5169,43.3,31.6,17.2,45.1
576,Episoriculus_fumidus,5914,5192,2190,4192,51.1,42.2,14.3,31.5
577,Cervus_nippon_centralis,5572,4765,2235,4091,50.2,40.0,15.5,32.5
578,Myotis_ikonnikovi,5646,5034,2120,3784,51.6,43.6,14.7,29.6
579,Procapra_przewalskii,5631,4689,2149,4079,51.6,39.5,14.9,32.7
580,Procapra_gutturosa,5630,4682,2145,4089,51.6,39.5,14.9,32.8
581,Myotis_muricola,5779,5120,2307,4018,50.5,42.3,15.5,30.4
582,Sus_verrucosus,5750,4299,2144,4286,53.6,35.3,15.0,35.2
583,Rhinolophus_pumilus,5332,4350,2424,4763,46.2,34.7,16.8,39.3
584,Eubalaena_australis,5347,4284,2168,4586,48.4,35.4,15.2,38.9
585,Arctocephalus_townsendi,5456,4300,2366,4449,49.1,35.0,16.7,36.7
586,Neophoca_cinerea,5536,4334,2372,4494,49.4,34.9,16.5,36.7
587,Echinosorex_gymnura,5997,5447,2094,3549,54.1,46.8,14.0,26.2
588,Cervus_nippon_sichuanicus,5474,4703,2210,4042,50.0,40.1,15.5,32.6
589,Pudu_puda,5489,4888,2151,3812,50.6,42.7,15.2,30.4
590,Spalax_carmeli,5677,4376,2110,4245,52.9,36.4,14.8,34.9
591,Echymipera_rufescens_australis,5734,5195,1994,3595,53.2,45.9,13.7,27.8
592,Piliocolobus_badius,5329,4820,2152,4294,47.3,40.9,14.9,34.9
593,Trachypithecus_pileatus,5334,4746,2109,4336,47.7,40.3,14.6,35.6
594,Crocidura_lasiura,5673,5461,2274,3956,48.5,45.9,15.1,29.5
595,Crocidura_attenuata,5750,5572,2275,3937,48.8,46.6,14.9,29.0
596,Rhinolophus_monoceros,5333,4313,2414,4791,46.3,34.4,16.7,39.7
597,Simias_concolor,5376,4714,2079,4392,48.1,39.8,14.4,36.1
598,Tonatia_saurophila,5577,4393,2089,4570,50.5,35.9,14.4,37.9
599,Sapajus_xanthosternos,5466,4575,2086,4400,49.4,38.3,14.4,36.3
600,Phalanger_vestitus,5345,3845,1862,4266,53.6,33.5,13.8,38.6
601,Uropsilus_soricipes,5619,5056,2192,3708,51.3,43.9,15.2,28.8
602,Crocidura_shantungensis,5585,5613,2250,3712,48.3,48.6,15.1,27.6
603,Zaedyus_pichiy,5556,4352,2190,4461,50.5,35.7,15.2,36.9
604,Tolypeutes_matacus,5885,4139,2209,4747,53.0,32.2,15.0,38.8
605,Tolypeutes_tricinctus,5907,4158,2222,4874,52.5,32.0,14.9,39.7
606,Priodontes_maximus,5323,3837,2369,4958,47.7,30.3,16.8,43.0
607,Chrysochloris_asiatica,5665,4899,2045,4043,51.6,41.7,14.0,32.1
608,Megaladapis_edwardsi,5492,4674,2216,4333,48.9,38.8,15.3,35.0
609,Mus_fragilicauda,5634,4713,1996,3969,52.8,40.6,13.9,32.2
610,Hipposideros_armiger,5327,4424,2321,4712,46.5,35.8,16.0,39.0
611,Myotis_macrodactylus,5979,5254,2287,4042,51.6,42.7,15.0,29.9
612,Murina_leucogaster,5517,4619,2428,4259,48.8,37.8,16.9,33.9
613,Murina_ussuriensis,5848,5001,2315,4121,51.1,40.7,15.5,31.3
614,Rhinolophus_rex,5226,4259,2509,4851,45.0,33.8,17.5,40.4
615,Neophocaena_asiaeorientalis,5258,4468,2228,4431,47.3,37.5,15.7,37.1
616,Coendou_insidiosus,5549,5177,2079,3766,50.3,45.4,14.3,29.4
617,Meles_anakuma,5412,4570,2211,4199,49.3,38.7,15.6,34.4
618,Nannospalax_golani,5712,4421,2090,4179,53.4,36.9,14.6,34.2
619,Lynx_pardinus,5449,4469,2380,4508,48.0,36.2,16.5,36.7
620,Thylamys_elegans,4935,4784,2043,3690,46.9,44.8,15.2,31.4
621,Rhinolophus_macrotis,5255,4267,2471,4855,45.3,33.9,17.2,40.5
622,Chiropotes_albinasus,5416,4865,2151,4274,48.0,41.1,14.8,34.4
623,Galemys_pyrenaicus,5702,4744,2242,3822,52.8,40.3,15.7,30.1
624,Plecturocebus_cupreus,5221,4833,2167,4330,46.1,41.2,15.1,35.4
625,Melogale_moschata,5293,4409,2449,4436,46.9,36.2,17.3,36.5
626,Genetta_servalina,5560,4784,2282,4312,48.9,39.4,15.6,34.2
627,Mungotictis_decemlineata,5423,4323,2451,4708,47.2,34.4,17.0,38.6
628,Prionodon_pardicolor,5418,4797,2328,4175,47.9,40.2,16.2,33.3
629,Papio_kindae,5182,4129,2169,5024,45.8,33.4,15.1,43.8
630,Cheracebus_lugens,5406,4809,2092,4382,47.9,40.5,14.3,35.6
631,Myospalax_aspalax,5489,4823,2031,4093,50.1,41.5,14.1,33.2
632,Apodemus_latronum,5717,4730,1953,3888,54.1,40.9,13.6,31.4
633,Hemiechinus_auritus,6086,5856,2028,3313,54.4,51.2,13.3,23.7
634,Pseudomys_chapmani,5853,4538,1931,3925,56.3,38.8,13.5,31.9
635,Coelodonta_antiquitatis,5506,4330,2099,4501,50.4,35.8,14.6,37.7
636,Cervus_nippon_yesoensis,5530,4722,2220,4071,50.2,39.9,15.5,32.6
637,Rhinopithecus_brelichi,5358,4839,2125,4231,47.9,41.3,14.7,34.3
638,Myotis_davidii,5933,5225,2301,4068,51.2,42.5,15.1,30.2
639,Myotis_formosus,5855,5107,2218,3979,51.8,42.4,14.8,30.2
640,Tlacuatzin_canescens,5868,5155,1927,3510,55.4,45.6,13.3,27.1
641,Dremomys_rufigenis,5365,4708,2076,4396,48.0,39.8,14.3,36.2
642,Exilisciurus_exilis,5144,4557,2213,4340,46.3,39.0,15.8,36.4
643,Lariscus_insignis,5119,4811,2128,4199,46.0,42.0,15.1,34.8
644,Tamiops_swinhoei,5388,4735,2042,4348,48.4,40.2,14.1,35.7
645,Ratufa_bicolor,5252,4738,2182,4391,46.4,40.1,15.2,36.1
646,Bradypus_torquatus,5558,4156,2137,4862,49.8,33.1,14.7,41.0
647,Plecturocebus_donacophilus,5209,4713,2206,4435,45.9,39.8,15.4,36.6
648,Plecotus_macrobullaris,5631,4912,2304,3983,50.3,41.2,15.9,31.0
649,Canis_lupus_chanco,5293,4812,2398,4265,46.1,40.2,16.7,34.1
650,Blastocerus_dichotomus,5552,5081,2120,3606,51.4,45.1,14.9,28.3
651,Niviventer_confucianus,5541,4651,2029,4060,51.6,40.0,14.2,33.2
652,Panthera_tigris_amoyensis,5417,4580,2486,4518,46.8,36.9,17.1,36.2
653,Mus_terricolor,5604,4786,1981,3939,52.3,41.5,13.8,31.8
654,Petaurista_hainana,5242,4722,2196,4342,46.6,40.1,15.4,35.7
655,Balaenoptera_omurai,5361,4371,2146,4526,48.5,36.3,15.1,38.1
656,Balaenoptera_brydei,5386,4407,2130,4485,48.9,36.7,14.9,37.6
657,Muntiacus_reevesi_micrurus,5420,4745,2200,3988,49.6,40.9,15.5,32.3
658,Lepus_coreanus,5550,5140,2298,4484,46.6,41.7,15.1,34.5
659,Lasiurus_borealis,5579,5329,2428,3712,48.6,45.5,16.6,27.8
660,Pipistrellus_coromandra,5748,5261,2281,3863,50.4,44.2,15.3,29.1
661,Eothenomys_miletus,5371,4275,2202,4496,48.9,35.4,15.6,37.9
662,Nycticebus_bengalensis,5376,4536,2312,4511,47.3,37.2,16.0,36.9
663,Meriones_meridianus,5347,4905,2184,3940,48.5,42.8,15.4,31.7
664,Ursus_thibetanus_mupinensis,5270,4712,2601,4285,45.4,38.8,18.2,34.1
665,Ursus_thibetanus_ussuricus,5244,4688,2601,4291,45.3,38.6,18.3,34.2
666,Lophostoma_silvicolum,5364,4315,2169,4816,47.5,34.9,15.0,40.6
667,Bison_priscus,5500,4431,2155,4232,50.8,37.3,15.2,35.0
668,Nectogale_elegans,5805,5483,2205,3967,49.8,45.8,14.5,29.4
669,Episoriculus_macrurus,5644,5178,2169,3952,50.0,44.0,14.7,30.4
670,Sorex_cylindricauda,5705,5198,2197,4091,49.7,43.3,14.7,31.2
671,Trachypithecus_germaini,5332,4809,2105,4306,47.5,41.0,14.6,35.2
672,Mesoplodon_ginkgodens,5449,4690,2060,4140,50.0,40.3,14.4,33.9
673,Mustela_kathiah,5507,4612,2248,4185,49.9,38.6,15.7,33.8
674,Sus_celebensis,5748,4257,2157,4319,53.6,34.8,15.1,35.5
675,Potamochoerus_porcus,5629,4478,2372,4214,50.9,36.7,16.6,33.8
676,Lepus_hainanus,5252,4823,2225,4346,46.1,40.8,15.4,35.3
677,Chiropotes_israelita,5432,4849,2140,4249,48.3,41.0,14.7,34.2
678,Pteronotus_rubiginosus,5576,4255,2230,4555,50.5,34.4,15.5,37.8
679,Lepus_tolai,5521,5148,2313,4490,46.2,41.8,15.3,34.6
680,Meriones_libycus,5368,4701,2144,4128,48.9,40.4,15.1,33.8
681,Loris_lydekkerianus,5713,4503,2120,4455,51.6,36.6,14.5,36.1
682,Prionailurus_bengalensis_euptilurus,5612,4657,2301,4420,49.3,37.8,15.7,35.2
683,Eubalaena_japonica,5357,4292,2164,4573,48.6,35.5,15.2,38.7
684,Manis_temminckii,5632,4755,2199,3973,51.5,40.3,15.3,31.6
685,Taurotragus_derbianus,5495,4413,2226,4265,50.4,36.8,15.7,35.1
686,Sus_scrofa_taivanus,5745,4263,2162,4309,53.5,34.9,15.1,35.4
687,Pygathrix_nigripes,5334,4807,2120,4275,47.6,41.0,14.7,34.9
688,Microtus_fortis_fortis,5327,4276,2189,4518,48.5,35.5,15.5,38.3
689,Sus_cebifrons,5765,4254,2137,4317,53.8,34.8,14.9,35.5
690,Tscherskia_triton,4990,4690,2409,4399,43.4,39.8,17.1,36.4
691,Hemitragus_jayakari,5561,4365,2140,4391,51.0,36.1,14.9,36.4
692,Cervus_nippon_yakushimae,5489,4696,2204,4051,50.1,40.0,15.5,32.7
693,Rhinolophus_luctus,5423,4408,2254,4690,47.8,35.6,15.5,38.8
694,Chaetophractus_vellerosus,5580,4340,2201,4477,50.6,35.4,15.3,36.9
695,Laonastes_aenigmamus,5227,4169,2231,4737,46.9,34.2,15.8,40.7
696,Oryx_beisa,5537,4461,2205,4315,50.4,37.0,15.4,35.4
697,Hydropotes_inermis_argyropus,5479,4999,2162,3716,50.4,44.0,15.2,29.4
698,Niviventer_excelsior,5504,4616,2030,4148,51.0,39.5,14.2,34.1
699,Rattus_praetor,5561,4411,2013,4308,51.8,37.1,14.1,35.9
700,Manis_tricuspis,5498,4953,2281,3837,49.7,42.6,16.0,30.1
701,Hippocamelus_antisensis,5535,4929,2140,3806,50.9,42.9,15.0,30.2
702,Epomophorus_gambianus,5387,4362,2346,4607,47.6,35.3,16.3,38.1
703,Procolobus_verus,5293,4717,2161,4433,46.8,39.7,15.0,36.4
704,Propithecus_coquereli,5624,4615,2224,4641,49.0,37.0,14.9,37.2
705,Crocidura_orientalis,5081,4854,1990,3527,49.0,45.8,14.8,29.6
706,Myotis_bombinus,5919,5181,2164,3864,52.8,43.4,14.5,29.1
707,Mazama_nemorivaga,5529,4995,2137,3698,51.1,44.0,15.0,29.2
708,Lasiopodomys_mandarinus,5306,4434,2216,4419,47.9,37.1,15.7,37.0
709,Rusa_unicolor_swinhoei,5531,4780,2221,3973,50.4,40.8,15.5,31.7
710,Ursus_thibetanus_formosanus,5291,4716,2669,4368,45.0,38.3,18.6,34.5
711,Camelus_ferus,5138,4532,2592,4418,44.5,37.3,18.4,36.0
712,Ailurus_fulgens_styani,5397,4841,2172,3964,49.2,42.0,15.3,31.9
713,Ursus_thibetanus_thibetanus,5288,4731,2658,4357,45.0,38.5,18.5,34.4
714,Canis_lupus_lupus,5307,4812,2366,4272,46.3,40.3,16.4,34.2
715,Myodes_glareolus,5406,4427,2141,4379,49.4,37.1,15.1,36.6
716,Tarsius_dentatus,5604,4775,2184,4402,49.3,39.2,14.8,35.0
717,Chlamyphorus_truncatus,5012,4061,2421,4751,44.6,33.3,17.5,41.3
718,Neovison_vison,5554,4609,2197,4192,50.5,38.6,15.3,33.9
719,Bandicota_indica,5543,4596,2063,4124,51.4,39.2,14.5,33.8
720,Crocidura_grayi,5044,4879,2029,3507,48.4,46.1,15.1,29.3
721,Chlorocebus_cynosuros,5234,4147,2032,4921,47.2,34.0,14.2,43.1
722,Ovis_orientalis,5598,4548,2176,4295,50.8,37.7,15.1,34.9
723,Rhinolophus_formosae,5518,4439,2248,4710,48.4,35.6,15.3,38.6
724,Rattus_lutreolus,5522,4399,2036,4338,51.3,37.0,14.3,36.3
725,Rattus_niobe,5591,4377,2008,4322,52.2,36.7,14.1,36.1
726,Eremitalpa_granti,5503,5126,2068,3905,49.6,44.7,14.2,30.8
727,Galeopterus_variegatus,5362,4149,2276,4961,47.1,32.9,15.7,42.1
728,Vulpes_lagopus,5214,4622,2461,4359,45.6,38.4,17.3,35.4
729,Cervus_nippon_kopschi,5477,4709,2208,4035,50.0,40.2,15.5,32.6
730,Myotis_petax,5938,5232,2211,3916,52.3,43.4,14.7,29.3
731,Myodes_rufocanus,5451,4430,2171,4435,49.4,36.7,15.2,36.8
732,Microtus_levis,5366,4443,2213,4261,49.2,37.5,15.7,35.4
733,Propithecus_edwardsi,5625,4601,2232,4642,49.0,36.8,15.0,37.3
734,Arctodus_simus,5242,4547,2388,4184,47.1,38.5,17.1,34.4
735,Canis_lupus_laniger,5279,4802,2382,4260,46.1,40.3,16.6,34.2
736,Vulpes_ferrilata,5199,4635,2488,4345,45.3,38.5,17.5,35.3
737,Naemorhedus_griseus,5504,4477,2188,4279,50.3,37.4,15.3,35.2
738,Proedromys_liangshanensis,5379,4235,2222,4460,49.3,35.1,15.8,37.7
739,Eothenomys_chinensis,5428,4367,2182,4385,49.6,36.4,15.4,36.6
740,Tarsius_lariang,5605,4805,2185,4370,49.3,39.5,14.8,34.7
741,Bradypus_pygmaeus,5398,3993,2306,5102,47.3,31.2,15.9,43.6
742,Hyemoschus_aquaticus,5181,4410,2283,4351,46.9,37.3,16.4,36.6
743,Orcaella_heinsohni,5426,4609,2080,4274,49.5,39.1,14.5,35.3
744,Crocidura_negrina,5064,4920,2005,3466,48.7,46.7,14.9,28.9
745,Crocidura_panayensis,5065,4912,2007,3472,48.7,46.6,14.9,29.0
746,Crocidura_palawanensis,5054,4884,2015,3505,48.6,46.2,15.0,29.3
747,Pusa_caspica,5506,4235,2399,4597,49.0,33.9,16.7,37.9
748,Leopardus_jacobita,5474,4473,2259,4404,49.2,36.9,15.7,36.1
749,Apodemus_chejuensis,5516,4856,2039,3850,51.3,42.6,14.3,31.0
750,Lepilemur_hubbardorum,5409,4595,2290,4560,47.3,37.5,15.7,37.1
751,Neodon_irene,5292,4383,2274,4418,47.8,36.6,16.1,37.0
752,Eulemur_rufus,5285,4676,2132,4187,48.1,40.3,15.1,34.6
753,Callithrix_kuhlii,5401,4422,2216,4461,48.7,36.6,15.5,37.1
754,Cercopithecus_albogularis,5284,4239,2067,4954,46.9,34.4,14.3,42.7
755,Trachypithecus_hatinhensis,5334,4804,2092,4317,47.6,40.9,14.5,35.3
756,Fukomys_damarensis,5506,4116,2191,4559,50.7,33.6,15.5,38.6
757,Philantomba_maxwellii,5491,4556,2167,4226,50.2,38.3,15.2,34.6
758,Philantomba_monticola,5525,4524,2139,4263,50.6,37.9,14.9,35.0
759,Saimiri_oerstedii_citrinellus,5323,4458,2184,4507,47.7,37.1,15.3,37.7
760,Neotetracus_sinensis,5594,5428,2125,3835,49.1,47.0,14.3,29.2
761,Euchoreutes_naso,5197,4712,2383,4413,45.2,39.3,16.6,35.9
762,Tarsius_wallacei,5602,4802,2182,4371,49.3,39.5,14.8,34.7
763,Calyptophractus_retusus,5151,3808,2295,4948,46.6,30.7,16.5,44.0
764,Hypsugo_alaschanicus,5899,5346,2181,3872,51.8,44.7,14.4,28.8
765,Nannospalax_galili,5707,4400,2110,4192,53.3,36.6,14.8,34.3
766,Mammuthus_columbi,5405,4730,2199,4115,48.9,40.4,15.4,33.4
767,Dorcatragus_megalotis,5549,4791,2118,3920,51.2,41.3,14.9,31.5
768,Madoqua_saltiana,5425,4595,2244,4138,49.4,38.9,15.8,33.7
769,Stylodipus_telum,5184,4656,2306,4550,45.0,38.7,16.0,37.5
770,Trachypithecus_shortridgei,5340,4746,2110,4333,47.7,40.3,14.6,35.5
771,Tamiops_maritimus,5357,4752,2047,4367,48.0,40.4,14.1,35.9
772,Capricornis_milneedwardsii,5518,4396,2161,4369,50.5,36.5,15.1,36.2
773,Rhinolophus_ferrumequinum_korai,5354,4283,2359,4843,46.6,34.1,16.3,40.4
774,Tursiops_australis,5411,4592,2109,4276,49.3,38.9,14.8,35.3
775,Mazama_rufina,5575,4985,2118,3747,51.4,43.6,14.8,29.6
776,Naemorhedus_baileyi,5530,4451,2167,4297,50.7,37.1,15.2,35.4
777,Neotragus_batesi,5673,4717,2081,3916,52.9,40.4,14.5,31.4
778,Przewalskium_albirostris,5525,4760,2194,3999,50.4,40.6,15.4,32.0
779,Pudu_mephistophiles,5576,5000,2118,3731,51.4,43.8,14.8,29.4
780,Rucervus_eldii,5429,4685,2205,4038,49.7,40.1,15.6,32.8
781,Rusa_alfredi,5493,4702,2154,4006,50.6,40.4,15.2,32.4
782,Rusa_timorensis,5504,4743,2187,3999,50.4,40.6,15.4,32.2
783,Tragulus_kanchil,5292,4304,2268,4469,47.9,35.8,16.1,37.7
784,Gazella_erlangeri,5556,4562,2191,4123,51.1,38.4,15.4,33.5
785,Blarinella_quadraticauda,5658,5412,2147,3797,49.8,46.6,14.4,28.7
786,Sicista_concolor,4832,4782,2274,4604,41.4,40.8,16.0,38.7
787,Rhinopithecus_strykeri,5363,4831,2111,4245,47.9,41.2,14.6,34.5
788,Rhinolophus_ferrumequinum_quelpartis,5365,4285,2365,4855,46.6,34.0,16.3,40.4
789,Equus_ovodovi,5246,4106,2130,4685,48.0,34.0,15.2,40.8
790,Moschus_anhuiensis,5556,4596,2108,4087,51.5,39.1,14.8,33.3
791,Scapanulus_oweni,5715,4828,2268,4015,51.4,40.2,15.6,31.3
792,Prolemur_simus,5565,4971,2093,4136,49.7,42.1,14.3,32.8
793,Wiedomys_cerradensis,5274,5080,2134,3852,47.7,45.1,15.0,30.8
794,Crocidura_ninoyi,5047,4909,2024,3475,48.5,46.5,15.1,29.0
795,Homo_heidelbergensis,5054,4053,2138,5057,44.9,33.1,15.1,45.0
796,Palaeopropithecus_ingens,5405,4726,2286,4433,47.2,39.0,15.7,35.7
797,Cricetulus_kamensis,5399,4365,2074,4432,49.7,36.7,14.6,37.4
798,Puma_yagouaroundi,5535,4591,2267,4307,49.6,37.9,15.7,34.8
799,Callosciurus_adamsi,4913,4664,1996,3953,46.3,42.9,14.8,34.2
800,Dasypus_septemcinctus,5773,4348,2105,4453,52.9,35.3,14.4,36.4
801,Canis_anthus,5251,4822,2414,4234,45.8,40.5,16.9,33.9
802,Cabassous_chacoensis,5341,3956,2228,4755,48.8,32.1,15.9,41.3
803,Cabassous_tatouay,5388,4039,2350,4858,47.9,32.1,16.5,41.2
804,Cabassous_centralis,5609,4180,2374,4951,48.8,32.3,16.1,40.7
805,Dasypus_sabanicola,5843,4499,2156,4438,52.7,36.2,14.6,35.5
806,Dasypus_yepesi,5829,4492,2150,4428,52.7,36.2,14.6,35.5
807,Dasypus_pilosus,5886,4515,2158,4484,52.8,36.0,14.5,35.7
808,Dasypus_hybridus,5903,4488,2123,4499,53.1,35.8,14.3,36.0
809,Carlito_syrichta,5490,4859,2238,4417,47.7,40.0,15.2,35.1
